{
    "success": true,
    "data": {
        "pds_data": {
            "status": "Success",
            "transactionData": [
                {
                    "sale_statecode": "33",
                    "sale_districtcode": "603",
                    "home_districtcode": "620",
                    "home_statecode": "33",
                    "rationcardid": "333106620209",
                    "sale_fpsid": "02DA054NC",
                    "transaction_date": "18062024",
                    "memberId": "33310662020902",
                    "membername": "Sathishkumar",
                    "membernamell": "\u0baa\u0bbf\u0b9a\u0bcd\u0b9a\u0bc8\u0baa\u0bcd\u0baa\u0bbf\u0bb3\u0bcd\u0bb3\u0bc8 \u0b9a\u0ba4\u0bc0\u0bb7\u0bcd",
                    "no_of_member": "4",
                    "cardType": "PHH",
                    "transactionId": "0624000791",
                    "home_fps_id": "15DP071PY",
                    "uid_ref_id": "02DA054NC24061815382458176176",
                    "auth_type": "ub",
                    "txtlist": [
                        {
                            "product_id": "46",
                            "distributed_quanitity": 20,
                            "allocation_type": "R",
                            "flag1": 1
                        }
                    ]
                },
                {
                    "sale_statecode": "33",
                    "sale_districtcode": "603",
                    "home_districtcode": "620",
                    "home_statecode": "33",
                    "rationcardid": "333106620209",
                    "sale_fpsid": "02DA054NC",
                    "transaction_date": "18062024",
                    "memberId": "33310662020902",
                    "membername": "Sathishkumar",
                    "membernamell": "\u0baa\u0bbf\u0b9a\u0bcd\u0b9a\u0bc8\u0baa\u0bcd\u0baa\u0bbf\u0bb3\u0bcd\u0bb3\u0bc8 \u0b9a\u0ba4\u0bc0\u0bb7\u0bcd",
                    "no_of_member": "4",
                    "cardType": "PHH",
                    "transactionId": "0624000792",
                    "home_fps_id": "15DP071PY",
                    "uid_ref_id": "02DA054NC24061815413726634996",
                    "auth_type": "ub",
                    "txtlist": [
                        {
                            "product_id": "4",
                            "distributed_quanitity": 2,
                            "allocation_type": "R",
                            "flag1": 1
                        }
                    ]
                },
                {
                    "sale_statecode": "33",
                    "sale_districtcode": "603",
                    "home_districtcode": "620",
                    "home_statecode": "33",
                    "rationcardid": "333106620209",
                    "sale_fpsid": "02DA054NC",
                    "transaction_date": "25062024",
                    "memberId": "33310662020902",
                    "membername": "Sathishkumar",
                    "membernamell": "\u0baa\u0bbf\u0b9a\u0bcd\u0b9a\u0bc8\u0baa\u0bcd\u0baa\u0bbf\u0bb3\u0bcd\u0bb3\u0bc8 \u0b9a\u0ba4\u0bc0\u0bb7\u0bcd",
                    "no_of_member": "4",
                    "cardType": "PHH",
                    "transactionId": "0624001258",
                    "home_fps_id": "15DP071PY",
                    "uid_ref_id": "02DA054NC24062515580595072532",
                    "auth_type": "ub",
                    "txtlist": [
                        {
                            "product_id": "7",
                            "distributed_quanitity": 1,
                            "allocation_type": "R",
                            "flag1": 1
                        },
                        {
                            "product_id": "5",
                            "distributed_quanitity": 1,
                            "allocation_type": "R",
                            "flag1": 1
                        }
                    ]
                },
                {
                    "sale_statecode": "33",
                    "sale_districtcode": "603",
                    "home_districtcode": "620",
                    "home_statecode": "33",
                    "rationcardid": "333106620209",
                    "sale_fpsid": "02DA054NC",
                    "transaction_date": "22072024",
                    "memberId": "33310662020901",
                    "membername": "Santhi Sathishkumar",
                    "membernamell": "\u0b9a\u0bbe\u0ba8\u0bcd\u0ba4\u0bbf \u0b9a\u0ba4\u0bc0\u0bb7\u0bcd\u0b95\u0bc1\u0bae\u0bbe\u0bb0\u0bcd",
                    "no_of_member": "4",
                    "cardType": "PHH",
                    "transactionId": "0724001532",
                    "home_fps_id": "15DP071PY",
                    "uid_ref_id": "02DA054NC24072211240764993778",
                    "auth_type": "ub",
                    "txtlist": [
                        {
                            "product_id": "7",
                            "distributed_quanitity": 1,
                            "allocation_type": "R",
                            "flag1": 1
                        },
                        {
                            "product_id": "5",
                            "distributed_quanitity": 1,
                            "allocation_type": "R",
                            "flag1": 1
                        },
                        {
                            "product_id": "4",
                            "distributed_quanitity": 2,
                            "allocation_type": "R",
                            "flag1": 1
                        }
                    ]
                },
                {
                    "sale_statecode": "33",
                    "sale_districtcode": "603",
                    "home_districtcode": "620",
                    "home_statecode": "33",
                    "rationcardid": "333106620209",
                    "sale_fpsid": "02DA054NC",
                    "transaction_date": "22072024",
                    "memberId": "33310662020901",
                    "membername": "Santhi Sathishkumar",
                    "membernamell": "\u0b9a\u0bbe\u0ba8\u0bcd\u0ba4\u0bbf \u0b9a\u0ba4\u0bc0\u0bb7\u0bcd\u0b95\u0bc1\u0bae\u0bbe\u0bb0\u0bcd",
                    "no_of_member": "4",
                    "cardType": "PHH",
                    "transactionId": "0724001533",
                    "home_fps_id": "15DP071PY",
                    "uid_ref_id": "02DA054NC24072211253598228061",
                    "auth_type": "ub",
                    "txtlist": [
                        {
                            "product_id": "46",
                            "distributed_quanitity": 15,
                            "allocation_type": "R",
                            "flag1": 1
                        },
                        {
                            "product_id": "47",
                            "distributed_quanitity": 5,
                            "allocation_type": "R",
                            "flag1": 1
                        }
                    ]
                },
                {
                    "sale_statecode": "33",
                    "sale_districtcode": "603",
                    "home_districtcode": "620",
                    "home_statecode": "33",
                    "rationcardid": "333106620209",
                    "sale_fpsid": "02DA054NC",
                    "transaction_date": "24082024",
                    "memberId": "33310662020902",
                    "membername": "Sathishkumar",
                    "membernamell": "\u0baa\u0bbf\u0b9a\u0bcd\u0b9a\u0bc8\u0baa\u0bcd\u0baa\u0bbf\u0bb3\u0bcd\u0bb3\u0bc8 \u0b9a\u0ba4\u0bc0\u0bb7\u0bcd",
                    "no_of_member": "4",
                    "cardType": "PHH",
                    "transactionId": "0824001147",
                    "home_fps_id": "15DP071PY",
                    "uid_ref_id": "02DA054NC24082411145585374599",
                    "auth_type": "ub",
                    "txtlist": [
                        {
                            "product_id": "7",
                            "distributed_quanitity": 1,
                            "allocation_type": "R",
                            "flag1": 1
                        },
                        {
                            "product_id": "4",
                            "distributed_quanitity": 2,
                            "allocation_type": "R",
                            "flag1": 1
                        }
                    ]
                },
                {
                    "sale_statecode": "33",
                    "sale_districtcode": "603",
                    "home_districtcode": "620",
                    "home_statecode": "33",
                    "rationcardid": "333106620209",
                    "sale_fpsid": "02DA054NC",
                    "transaction_date": "31082024",
                    "memberId": "33310662020902",
                    "membername": "Sathishkumar",
                    "membernamell": "\u0baa\u0bbf\u0b9a\u0bcd\u0b9a\u0bc8\u0baa\u0bcd\u0baa\u0bbf\u0bb3\u0bcd\u0bb3\u0bc8 \u0b9a\u0ba4\u0bc0\u0bb7\u0bcd",
                    "no_of_member": "4",
                    "cardType": "PHH",
                    "transactionId": "0824001490",
                    "home_fps_id": "15DP071PY",
                    "uid_ref_id": "02DA054NC24083115153365858296",
                    "auth_type": "ub",
                    "txtlist": [
                        {
                            "product_id": "46",
                            "distributed_quanitity": 20,
                            "allocation_type": "R",
                            "flag1": 1
                        }
                    ]
                },
                {
                    "sale_statecode": "33",
                    "sale_districtcode": "603",
                    "home_districtcode": "620",
                    "home_statecode": "33",
                    "rationcardid": "333106620209",
                    "sale_fpsid": "02DA054NC",
                    "transaction_date": "31082024",
                    "memberId": "33310662020902",
                    "membername": "Sathishkumar",
                    "membernamell": "\u0baa\u0bbf\u0b9a\u0bcd\u0b9a\u0bc8\u0baa\u0bcd\u0baa\u0bbf\u0bb3\u0bcd\u0bb3\u0bc8 \u0b9a\u0ba4\u0bc0\u0bb7\u0bcd",
                    "no_of_member": "4",
                    "cardType": "PHH",
                    "transactionId": "0824001491",
                    "home_fps_id": "15DP071PY",
                    "uid_ref_id": "02DA054NC24083115161634575018",
                    "auth_type": "ub",
                    "txtlist": [
                        {
                            "product_id": "5",
                            "distributed_quanitity": 1,
                            "allocation_type": "R",
                            "flag1": 1
                        }
                    ]
                },
                {
                    "sale_statecode": "33",
                    "sale_districtcode": "603",
                    "home_districtcode": "620",
                    "home_statecode": "33",
                    "rationcardid": "333106620209",
                    "sale_fpsid": "02DA054NC",
                    "transaction_date": "23092024",
                    "memberId": "33310662020901",
                    "membername": "Santhi Sathishkumar",
                    "membernamell": "\u0b9a\u0bbe\u0ba8\u0bcd\u0ba4\u0bbf \u0b9a\u0ba4\u0bc0\u0bb7\u0bcd\u0b95\u0bc1\u0bae\u0bbe\u0bb0\u0bcd",
                    "no_of_member": "4",
                    "cardType": "PHH",
                    "transactionId": "0924001384",
                    "home_fps_id": "15DP071PY",
                    "uid_ref_id": "02DA054NC24092310585890305444",
                    "auth_type": "ub",
                    "txtlist": [
                        {
                            "product_id": "4",
                            "distributed_quanitity": 2,
                            "allocation_type": "R",
                            "flag1": 1
                        },
                        {
                            "product_id": "5",
                            "distributed_quanitity": 1,
                            "allocation_type": "R",
                            "flag1": 1
                        }
                    ]
                },
                {
                    "sale_statecode": "33",
                    "sale_districtcode": "603",
                    "home_districtcode": "620",
                    "home_statecode": "33",
                    "rationcardid": "333106620209",
                    "sale_fpsid": "02DA054NC",
                    "transaction_date": "23092024",
                    "memberId": "33310662020901",
                    "membername": "Santhi Sathishkumar",
                    "membernamell": "\u0b9a\u0bbe\u0ba8\u0bcd\u0ba4\u0bbf \u0b9a\u0ba4\u0bc0\u0bb7\u0bcd\u0b95\u0bc1\u0bae\u0bbe\u0bb0\u0bcd",
                    "no_of_member": "4",
                    "cardType": "PHH",
                    "transactionId": "0924001385",
                    "home_fps_id": "15DP071PY",
                    "uid_ref_id": "02DA054NC24092310594243668126",
                    "auth_type": "ub",
                    "txtlist": [
                        {
                            "product_id": "47",
                            "distributed_quanitity": 20,
                            "allocation_type": "R",
                            "flag1": 1
                        }
                    ]
                },
                {
                    "sale_statecode": "33",
                    "sale_districtcode": "603",
                    "home_districtcode": "620",
                    "home_statecode": "33",
                    "rationcardid": "333106620209",
                    "sale_fpsid": "02DA054NC",
                    "transaction_date": "26092024",
                    "memberId": "33310662020901",
                    "membername": "Santhi Sathishkumar",
                    "membernamell": "\u0b9a\u0bbe\u0ba8\u0bcd\u0ba4\u0bbf \u0b9a\u0ba4\u0bc0\u0bb7\u0bcd\u0b95\u0bc1\u0bae\u0bbe\u0bb0\u0bcd",
                    "no_of_member": "4",
                    "cardType": "PHH",
                    "transactionId": "0924001604",
                    "home_fps_id": "15DP071PY",
                    "uid_ref_id": "02DA054NC24092611230172305454",
                    "auth_type": "ub",
                    "txtlist": [
                        {
                            "product_id": "7",
                            "distributed_quanitity": 1,
                            "allocation_type": "R",
                            "flag1": 1
                        }
                    ]
                },
                {
                    "sale_statecode": "33",
                    "sale_districtcode": "603",
                    "home_districtcode": "620",
                    "home_statecode": "33",
                    "rationcardid": "333106620209",
                    "sale_fpsid": "02DA054NC",
                    "transaction_date": "19102024",
                    "memberId": "33310662020902",
                    "membername": "Sathishkumar",
                    "membernamell": "\u0baa\u0bbf\u0b9a\u0bcd\u0b9a\u0bc8\u0baa\u0bcd\u0baa\u0bbf\u0bb3\u0bcd\u0bb3\u0bc8 \u0b9a\u0ba4\u0bc0\u0bb7\u0bcd",
                    "no_of_member": "4",
                    "cardType": "PHH",
                    "transactionId": "1024000914",
                    "home_fps_id": "15DP071PY",
                    "uid_ref_id": "02DA054NC24101911151440239307",
                    "auth_type": "ub",
                    "txtlist": [
                        {
                            "product_id": "2",
                            "distributed_quanitity": 3,
                            "allocation_type": "R",
                            "flag1": 1
                        },
                        {
                            "product_id": "47",
                            "distributed_quanitity": 10,
                            "allocation_type": "R",
                            "flag1": 1
                        },
                        {
                            "product_id": "46",
                            "distributed_quanitity": 5,
                            "allocation_type": "R",
                            "flag1": 1
                        }
                    ]
                },
                {
                    "sale_statecode": "33",
                    "sale_districtcode": "603",
                    "home_districtcode": "620",
                    "home_statecode": "33",
                    "rationcardid": "333106620209",
                    "sale_fpsid": "02DA054NC",
                    "transaction_date": "19102024",
                    "memberId": "33310662020902",
                    "membername": "Sathishkumar",
                    "membernamell": "\u0baa\u0bbf\u0b9a\u0bcd\u0b9a\u0bc8\u0baa\u0bcd\u0baa\u0bbf\u0bb3\u0bcd\u0bb3\u0bc8 \u0b9a\u0ba4\u0bc0\u0bb7\u0bcd",
                    "no_of_member": "4",
                    "cardType": "PHH",
                    "transactionId": "1024000915",
                    "home_fps_id": "15DP071PY",
                    "uid_ref_id": "02DA054NC24101911163076966840",
                    "auth_type": "ub",
                    "txtlist": [
                        {
                            "product_id": "7",
                            "distributed_quanitity": 1,
                            "allocation_type": "R",
                            "flag1": 1
                        },
                        {
                            "product_id": "5",
                            "distributed_quanitity": 1,
                            "allocation_type": "R",
                            "flag1": 1
                        },
                        {
                            "product_id": "4",
                            "distributed_quanitity": 2,
                            "allocation_type": "R",
                            "flag1": 1
                        }
                    ]
                }
            ]
        }
    },
    "message": "success"
}